GLOBAL_TWITCH,GLOBAL_FFZ,GLOBAL_7TV,GLOBAL_BTTV
NewRecord,ZrehplaR,reckH,:tf:
Awwdible,YooHoo,Stare,CiGrip
Lechonk,ManChicken,RainTime,DatSauce
Getcamped,BeanieHipster,PETPET,ForeverAlone
SUBprise,CatBag,SteerR,GabeN
FallHalp,ZreknarF,PartyParrot,HailHelix
FallCry,LilZ,ApuApustaja,ShoopDaWhoop
FallWinning,ZliL,Gayge,M&Mjc
MechaRobot,LaterSooner,YEAHBUT7TV,bttvNice
ImTyping,BORT,PepePls,TwaT
Shush,OBOY,BillyApprove,WatChuSay
MyAvatar,OiMinna,WAYTOODANK,tehPoleCat
PizzaTime,AndKnuckles,peepoHappy,AngelThump
LaundryBasket,,peepoSad,TaxiBro
ModLove,,nymnCorn,BroBalt
PotFriend,,GuitarTime,CandianRage
Jebasted,,CrayonTime,D:
PogBones,,Clap,VisLaud
PoroSad,,Clap2,KaRappa
KEKHeim,,PianoTime,FishMoley
CaitlynS,,knaDyppaHopeep,Hhhehehe
HarleyWink,,RoxyPotato,KKona
WhySoSerious,,AlienDance,PoleDoge
DarkKnight,,AYAYA,sosGame
FamilyMan,,TeaTime,CruW
RyuChamp,,BasedGod,RarePepe
HungryPaimon,,RebeccaBlack,haHAA
TransgenderPride,,FeelsDankMan,FeelsBirthdayMan
PansexualPride,,FeelsOkayMan,RonSmug
NonbinaryPride,,WineTime,KappaCool
LesbianPride,,forsenPls,FeelsBadMan
IntersexPride,,gachiGASM,bUrself
GenderFluidPride,,FeelsStrongMan,ConcernDoge
GayPride,,RareParrot,FeelsGoodMan
BisexualPride,,EZ,FireSpeed
AsexualPride,,FeelsWeirdMan,NaM
PogChamp,,gachiBASS,SourPls
GlitchNRG,,ppL,FeelsSnowMan
GlitchLit,,(7TV),FeelsSnowyMan
StinkyGlitch,,,LuL
GlitchCat,,,SoSnowy
FootGoal,,,SaltyCorn
FootYellow,,,monkaS
FootBall,,,VapeNation
BlackLivesMatter,,,ariW
ExtraLife,,,notsquishY
VirtualHug,,,FeelsAmazingMan
BOP,,,DuckerZ
SingsNote,,,IceCold
SingsMic,,,SqShy
TwitchSings,,,Wowee
SoonerLater,,,WubTF
HolidayTree,,,cvR
HolidaySanta,,,cvL
HolidayPresent,,,cvHazmat
HolidayLog,,,cvMask
HolidayCookie,,,DogChamp
GunRun,,,
PixelBob,,,
FBPenalty,,,
FBChallenge,,,
FBCatch,,,
FBBlock,,,
FBSpiral,,,
FBPass,,,
FBRun,,,
MaxLOL,,,
TwitchRPG,,,
MercyWing1,,,
PinkMercy,,,
MercyWing2,,,
PartyHat,,,
EarthDay,,,
TombRaid,,,
PopCorn,,,
FBtouchdown,,,
TPFufun,,,
TwitchVotes,,,
DarkMode,,,
HSWP,,,
HSCheers,,,
PowerUpL,,,
PowerUpR,,,
LUL,,,
EntropyWins,,,
TPcrunchyroll,,,
TwitchUnity,,,
Squid1,,,
Squid2,,,
Squid3,,,
Squid4,,,
CrreamAwk,,,
CarlSmile,,,
TwitchLit,,,
TehePelo,,,
TearGlove,,,
SabaPing,,,
PunOko,,,
KonCha,,,
Kappu,,,
InuyoFace,,,
BigPhish,,,
BegWan,,,
ThankEgg,,,
MorphinTime,,,
TheIlluminati,,,
TBAngel,,,
MVGame,,,
NinjaGrumpy,,,
PartyTime,,,
RlyTho,,,
UWot,,,
YouDontSay,,,
KAPOW,,,
ItsBoshyTime,,,
CoolStoryBob,,,
TriHard,,,
SuperVinlin,,,
FreakinStinkin,,,
Poooound,,,
CurseLit,,,
BatChest,,,
BrainSlug,,,
PrimeMe,,,
StrawBeary,,,
RaccAttack,,,
UncleNox,,,
WTRuck,,,
TooSpicy,,,
Jebaited,,,
DogFace,,,
BlargNaut,,,
TakeNRG,,,
GivePLZ,,,
imGlitch,,,
pastaThat,,,
copyThis,,,
UnSane,,,
DatSheffy,,,
TheTarFu,,,
PicoMause,,,
TinyFace,,,
DxCat,,,
RuleFive,,,
VoteNay,,,
VoteYea,,,
PJSugar,,,
DoritosChip,,,
OpieOP,,,
FutureMan,,,
ChefFrank,,,
StinkyCheese,,,
NomNom,,,
SmoocherZ,,,
cmonBruh,,,
KappaWealth,,,
MikeHogu,,,
VoHiYo,,,
KomodoHype,,,
SeriousSloth,,,
OSFrog,,,
OhMyDog,,,
KappaClaus,,,
KappaRoss,,,
MingLee,,,
SeemsGood,,,
twitchRaid,,,
bleedPurple,,,
duDudu,,,
riPepperonis,,,
NotLikeThis,,,
DendiFace,,,
CoolCat,,,
KappaPride,,,
ShadyLulu,,,
ArgieB8,,,
CorgiDerp,,,
PraiseIt,,,
TTours,,,
mcaT,,,
NotATK,,,
HeyGuys,,,
Mau5,,,
PRChase,,,
WutFace,,,
BuddhaBar,,,
PermaSmug,,,
panicBasket,,,
BabyRage,,,
HassaanChop,,,
TheThing,,,
EleGiggle,,,
RitzMitz,,,
YouWHY,,,
PipeHype,,,
BrokeBack,,,
ANELE,,,
PanicVis,,,
GrammarKing,,,
PeoplesChamp,,,
SoBayed,,,
BigBrother,,,
Keepo,,,
Kippa,,,
RalpherZ,,,
TF2John,,,
ThunBeast,,,
WholeWheat,,,
DAESuppy,,,
FailFish,,,
HotPokket,,,
4Head,,,
ResidentSleeper,,,
FUNgineer,,,
PMSTwin,,,
ShazBotstix,,,
BibleThump,,,
AsianGlow,,,
DBstyle,,,
BloodTrail,,,
OneHand,,,
FrankerZ,,,
SMOrc,,,
ArsonNoSexy,,,
PunchTrees,,,
SSSsss,,,
Kreygasm,,,
KevinTurtle,,,
PJSalt,,,
SwiftRage,,,
DansGame,,,
GingerPower,,,
BCWarrior,,,
MrDestructoid,,,
JonCarnage,,,
Kappa,,,
RedCoat,,,
TheRinger,,,
StoneLightning,,,
OptimizePrime,,,
JKanStyle,,,
R),,,
;P,,,
:P,,,
;),,,
:/,,,
<3,,,
:O,,,
B),,,
O_o,,,
:|,,,
>(,,,
:D,,,
:(,,,
:),,,
